{"cameraMode":{"drawMode":0,"name":"Shaded","section":"Shading Mode"},"sceneLighting":false,"audioPlay":false,"sceneViewState":{"m_AlwaysRefresh":false,"showFog":true,"showSkybox":false,"showFlares":true,"showImageEffects":true,"showParticleSystems":true,"showVisualEffectGraphs":true,"m_FxEnabled":true},"in2DMode":false,"pivot":{"x":4.900000095367432,"y":1.9200000762939454,"z":5.099999904632568},"rotation":{"x":0.271930456161499,"y":0.0043309093452990059,"z":-0.0012233653105795384,"w":0.9623183608055115},"size":5.9404144287109379,"orthographic":true}